{
  "experiment": {
    "model": "resnet18",
    "task": "per_script",
    "image_size": 64,
    "augmentation": "medium",
    "pretrained": true,
    "seed": 0,
    "script_filter": "Jawi"
  },
  "run_id": "resnet18__per_script__Jawi__sz64__aug-medium__pt__s0",
  "num_classes": 34,
  "class_names": [
    "A (alif)",
    "B (ba)",
    "C (ca)",
    "D (Dhod)",
    "D (dal)",
    "F (fa)",
    "G (ga)",
    "GH (gain)",
    "H (H Kecil)",
    "H (Ha Besar)",
    "J (jim)",
    "K (kaf)",
    "KH (kha)",
    "L (lam)",
    "M (mim)",
    "N (nun)",
    "NG (nga)",
    "NY (nya)",
    "P (pa)",
    "R (ra,rO)",
    "S (sAD [sOD])",
    "S (sin)",
    "S, th (tsa) [tha]",
    "SY (syin)",
    "T (Ta Marbutoh)",
    "T (ta)",
    "T,H (ta marbutah)",
    "V (va)",
    "W, U, O (wau)",
    "Y akhir (ye)",
    "Y,I,E (ya)",
    "Z (Dza)",
    "Z (dh) [dhal]",
    "Z (zai)"
  ],
  "n_train": 2285,
  "n_val": 458,
  "n_test": 458,
  "test_metrics": {
    "accuracy": 0.9497816593886463,
    "balanced_accuracy": 0.9478991596638655,
    "macro_f1": 0.9494053544246569,
    "weighted_f1": 0.9501649381046673,
    "cohen_kappa": 0.9482073671996382,
    "top5_accuracy": 0.9978165938864629,
    "per_class": {
      "A (alif)": {
        "precision": 1.0,
        "recall": 1.0,
        "f1": 1.0,
        "support": 15
      },
      "B (ba)": {
        "precision": 1.0,
        "recall": 1.0,
        "f1": 1.0,
        "support": 14
      },
      "C (ca)": {
        "precision": 0.9333333333333333,
        "recall": 1.0,
        "f1": 0.9655172413793104,
        "support": 14
      },
      "D (Dhod)": {
        "precision": 0.9375,
        "recall": 1.0,
        "f1": 0.967741935483871,
        "support": 15
      },
      "D (dal)": {
        "precision": 0.6842105263157895,
        "recall": 0.9285714285714286,
        "f1": 0.7878787878787878,
        "support": 14
      },
      "F (fa)": {
        "precision": 1.0,
        "recall": 0.9285714285714286,
        "f1": 0.9629629629629629,
        "support": 14
      },
      "G (ga)": {
        "precision": 1.0,
        "recall": 0.9285714285714286,
        "f1": 0.9629629629629629,
        "support": 14
      },
      "GH (gain)": {
        "precision": 0.9375,
        "recall": 1.0,
        "f1": 0.967741935483871,
        "support": 15
      },
      "H (H Kecil)": {
        "precision": 0.9285714285714286,
        "recall": 0.9285714285714286,
        "f1": 0.9285714285714286,
        "support": 14
      },
      "H (Ha Besar)": {
        "precision": 1.0,
        "recall": 1.0,
        "f1": 1.0,
        "support": 14
      },
      "J (jim)": {
        "precision": 1.0,
        "recall": 1.0,
        "f1": 1.0,
        "support": 15
      },
      "K (kaf)": {
        "precision": 1.0,
        "recall": 1.0,
        "f1": 1.0,
        "support": 14
      },
      "KH (kha)": {
        "precision": 0.8461538461538461,
        "recall": 0.7857142857142857,
        "f1": 0.8148148148148148,
        "support": 14
      },
      "L (lam)": {
        "precision": 0.8181818181818182,
        "recall": 0.6428571428571429,
        "f1": 0.72,
        "support": 14
      },
      "M (mim)": {
        "precision": 1.0,
        "recall": 0.9333333333333333,
        "f1": 0.9655172413793104,
        "support": 15
      },
      "N (nun)": {
        "precision": 1.0,
        "recall": 0.9285714285714286,
        "f1": 0.9629629629629629,
        "support": 14
      },
      "NG (nga)": {
        "precision": 0.9285714285714286,
        "recall": 0.9285714285714286,
        "f1": 0.9285714285714286,
        "support": 14
      },
      "NY (nya)": {
        "precision": 1.0,
        "recall": 0.9333333333333333,
        "f1": 0.9655172413793104,
        "support": 15
      },
      "P (pa)": {
        "precision": 1.0,
        "recall": 1.0,
        "f1": 1.0,
        "support": 14
      },
      "R (ra,rO)": {
        "precision": 1.0,
        "recall": 1.0,
        "f1": 1.0,
        "support": 14
      },
      "S (sAD [sOD])": {
        "precision": 0.9285714285714286,
        "recall": 0.9285714285714286,
        "f1": 0.9285714285714286,
        "support": 14
      },
      "S (sin)": {
        "precision": 1.0,
        "recall": 1.0,
        "f1": 1.0,
        "support": 15
      },
      "S, th (tsa) [tha]": {
        "precision": 1.0,
        "recall": 0.9285714285714286,
        "f1": 0.9629629629629629,
        "support": 14
      },
      "SY (syin)": {
        "precision": 1.0,
        "recall": 1.0,
        "f1": 1.0,
        "support": 14
      },
      "T (Ta Marbutoh)": {
        "precision": 1.0,
        "recall": 1.0,
        "f1": 1.0,
        "support": 7
      },
      "T (ta)": {
        "precision": 0.7777777777777778,
        "recall": 0.9333333333333333,
        "f1": 0.8484848484848485,
        "support": 15
      },
      "T,H (ta marbutah)": {
        "precision": 0.875,
        "recall": 1.0,
        "f1": 0.9333333333333333,
        "support": 7
      },
      "V (va)": {
        "precision": 0.8666666666666667,
        "recall": 0.9285714285714286,
        "f1": 0.896551724137931,
        "support": 14
      },
      "W, U, O (wau)": {
        "precision": 1.0,
        "recall": 0.9285714285714286,
        "f1": 0.9629629629629629,
        "support": 14
      },
      "Y akhir (ye)": {
        "precision": 1.0,
        "recall": 1.0,
        "f1": 1.0,
        "support": 15
      },
      "Y,I,E (ya)": {
        "precision": 1.0,
        "recall": 1.0,
        "f1": 1.0,
        "support": 14
      },
      "Z (Dza)": {
        "precision": 1.0,
        "recall": 0.8571428571428571,
        "f1": 0.9230769230769231,
        "support": 7
      },
      "Z (dh) [dhal]": {
        "precision": 1.0,
        "recall": 0.8571428571428571,
        "f1": 0.9230769230769231,
        "support": 7
      },
      "Z (zai)": {
        "precision": 1.0,
        "recall": 1.0,
        "f1": 1.0,
        "support": 15
      }
    }
  },
  "best_val_metrics": {
    "accuracy": 0.9672489082969432,
    "balanced_accuracy": 0.969607843137255,
    "macro_f1": 0.9689194871877428,
    "weighted_f1": 0.9667857549643049,
    "cohen_kappa": 0.9662245208994995,
    "top5_accuracy": 0.9978165938864629,
    "per_class": {
      "A (alif)": {
        "precision": 1.0,
        "recall": 1.0,
        "f1": 1.0,
        "support": 15
      },
      "B (ba)": {
        "precision": 1.0,
        "recall": 1.0,
        "f1": 1.0,
        "support": 14
      },
      "C (ca)": {
        "precision": 0.9333333333333333,
        "recall": 1.0,
        "f1": 0.9655172413793104,
        "support": 14
      },
      "D (Dhod)": {
        "precision": 1.0,
        "recall": 1.0,
        "f1": 1.0,
        "support": 14
      },
      "D (dal)": {
        "precision": 0.9333333333333333,
        "recall": 0.9333333333333333,
        "f1": 0.9333333333333333,
        "support": 15
      },
      "F (fa)": {
        "precision": 0.9333333333333333,
        "recall": 1.0,
        "f1": 0.9655172413793104,
        "support": 14
      },
      "G (ga)": {
        "precision": 0.875,
        "recall": 1.0,
        "f1": 0.9333333333333333,
        "support": 14
      },
      "GH (gain)": {
        "precision": 0.9166666666666666,
        "recall": 0.7333333333333333,
        "f1": 0.8148148148148148,
        "support": 15
      },
      "H (H Kecil)": {
        "precision": 1.0,
        "recall": 0.9285714285714286,
        "f1": 0.9629629629629629,
        "support": 14
      },
      "H (Ha Besar)": {
        "precision": 1.0,
        "recall": 1.0,
        "f1": 1.0,
        "support": 14
      },
      "J (jim)": {
        "precision": 1.0,
        "recall": 0.9285714285714286,
        "f1": 0.9629629629629629,
        "support": 14
      },
      "K (kaf)": {
        "precision": 1.0,
        "recall": 0.9333333333333333,
        "f1": 0.9655172413793104,
        "support": 15
      },