{
  "experiment": {
    "model": "resnet18",
    "task": "script_id",
    "image_size": 64,
    "augmentation": "medium",
    "pretrained": true,
    "seed": 2,
    "script_filter": null
  },
  "run_id": "resnet18__script_id__sz64__aug-medium__pt__s2",
  "num_classes": 13,
  "class_names": [
    "Bali",
    "Batak",
    "Bima",
    "Dunging-Iban",
    "Jawa",
    "Jawi",
    "Kawi",
    "Lampung",
    "Lontara",
    "Minangkabau",
    "Ogan",
    "Pallawa",
    "Sunda"
  ],
  "n_train": 69552,
  "n_val": 13911,
  "n_test": 13911,
  "test_metrics": {
    "accuracy": 0.9990654877435123,
    "balanced_accuracy": 0.9991489985673161,
    "macro_f1": 0.9988966701513107,
    "weighted_f1": 0.9990655494969447,
    "cohen_kappa": 0.9989085560267994,
    "top5_accuracy": 1.0,
    "per_class": {
      "Bali": {
        "precision": 0.998959958398336,
        "recall": 0.998959958398336,
        "f1": 0.998959958398336,
        "support": 1923
      },
      "Batak": {
        "precision": 0.9980237154150198,
        "recall": 1.0,
        "f1": 0.9990108803165183,
        "support": 505
      },
      "Bima": {
        "precision": 0.9935483870967742,
        "recall": 1.0,
        "f1": 0.9967637540453075,
        "support": 308
      },
      "Dunging-Iban": {
        "precision": 1.0,
        "recall": 1.0,
        "f1": 1.0,
        "support": 842
      },
      "Jawa": {
        "precision": 0.9994706193753309,
        "recall": 0.9973586899101955,
        "f1": 0.9984135378106822,
        "support": 1893
      },
      "Jawi": {
        "precision": 0.9956331877729258,
        "recall": 0.9956331877729258,
        "f1": 0.9956331877729258,
        "support": 458
      },
      "Kawi": {
        "precision": 1.0,
        "recall": 0.9988789237668162,
        "f1": 0.9994391475042064,
        "support": 892
      },
      "Lampung": {
        "precision": 0.9985994397759104,
        "recall": 0.9985994397759104,
        "f1": 0.9985994397759104,
        "support": 714
      },
      "Lontara": {
        "precision": 0.9989071038251366,
        "recall": 1.0,
        "f1": 0.9994532531437944,
        "support": 914
      },
      "Minangkabau": {
        "precision": 1.0,
        "recall": 1.0,
        "f1": 1.0,
        "support": 322
      },
      "Ogan": {
        "precision": 1.0,
        "recall": 1.0,
        "f1": 1.0,
        "support": 525
      },
      "Pallawa": {
        "precision": 1.0,
        "recall": 1.0,
        "f1": 1.0,
        "support": 560
      },
      "Sunda": {
        "precision": 0.9992603550295858,
        "recall": 0.9995067817509248,
        "f1": 0.9993835531993589,
        "support": 4055
      }
    }
  },
  "best_val_metrics": {
    "accuracy": 0.9992092588598951,
    "balanced_accuracy": 0.9992233855386217,
    "macro_f1": 0.9990572427947229,
    "weighted_f1": 0.9992094124219686,
    "cohen_kappa": 0.9990764558750829,
    "top5_accuracy": 0.9999281144418086,
    "per_class": {
      "Bali": {
        "precision": 0.998960498960499,
        "recall": 0.999479979199168,
        "f1": 0.9992201715622563,
        "support": 1923
      },
      "Batak": {
        "precision": 1.0,
        "recall": 0.998019801980198,
        "f1": 0.9990089197224975,
        "support": 505
      },
      "Bima": {
        "precision": 0.9967532467532467,
        "recall": 1.0,
        "f1": 0.9983739837398374,
        "support": 307
      },
      "Dunging-Iban": {
        "precision": 1.0,
        "recall": 0.9988137603795967,
        "f1": 0.9994065281899109,
        "support": 843
      },
      "Jawa": {
        "precision": 1.0,
        "recall": 0.9989434759640782,
        "f1": 0.9994714587737844,
        "support": 1893
      },
      "Jawi": {
        "precision": 0.9956331877729258,
        "recall": 0.9956331877729258,
        "f1": 0.9956331877729258,
        "support": 458
      },
      "Kawi": {
        "precision": 0.9966480446927374,
        "recall": 1.0,
        "f1": 0.9983212087297146,
        "support": 892
      },
      "Lampung": {
        "precision": 1.0,
        "recall": 1.0,
        "f1": 1.0,
        "support": 714
      },
      "Lontara": {
        "precision": 1.0,
        "recall": 1.0,
        "f1": 1.0,
        "support": 914
      },
      "Minangkabau": {
        "precision": 1.0,
        "recall": 1.0,
        "f1": 1.0,
        "support": 322
      },
      "Ogan": {
        "precision": 0.9980988593155894,
        "recall": 1.0,
        "f1": 0.9990485252140818,
        "support": 525
      },
      "Pallawa": {
        "precision": 1.0,
        "recall": 1.0,
        "f1": 1.0,
        "support": 559
      },
      "Sunda": {
        "precision": 0.9995066600888012,
        "recall": 0.9990138067061144,
        "f1": 0.9992601726263872,
        "support": 4056
      }
    }
  },
  "history": [
    {
      "epoch": 1,
      "train_loss": 0.7293230568592044,
      "val_accuracy": 0.9886420818057652,
      "val_macro_f1": 0.9827346414721141,
      "lr": 0.000996057350657239
    },
    {
      "epoch": 2,
      "train_loss": 0.5796963128106798,
      "val_accuracy": 0.9799439292646107,
      "val_macro_f1": 0.9727334875394457,
      "lr": 0.0009842915805643156
    },
    {
      "epoch": 3,
      "train_loss": 0.5654490060687806,
      "val_accuracy": 0.9700237222342032,
      "val_macro_f1": 0.9593118280921791,
      "lr": 0.0009648882429441258
    },
    {
      "epoch": 4,
      "train_loss": 0.5600915156837878,
      "val_accuracy": 0.9940334986701171,
      "val_macro_f1": 0.9919269973459488,
      "lr": 0.0009381533400219318
    },
    {
      "epoch": 5,
      "train_loss": 0.5562854183935039,
      "val_accuracy": 0.9849040327798145,
      "val_macro_f1": 0.9834418885262605,
      "lr": 0.0009045084971874737
    },
    {
      "epoch": 6,
      "train_loss": 0.554895449869381,
      "val_accuracy": 0.9938897275537345,
      "val_macro_f1": 0.9910066743501733,
      "lr": 0.0008644843137107057
    },
    {
      "epoch": 7,
      "train_loss": 0.5505882022379184,
      "val_accuracy": 0.9953274387175617,
      "val_macro_f1": 0.9938975860915483,
      "lr": 0.0008187119948743448
    },
    {
      "epoch": 8,
      "train_loss": 0.5496606019301773,
      "val_accuracy": 0.997412119905111,
      "val_macro_f1": 0.9963955489767391,
      "lr": 0.0007679133974894982
    },
    {
      "epoch": 9,
      "train_loss": 0.5492057197939151,
      "val_accuracy": 0.9948961253684134,
      "val_macro_f1": 0.9935586551751148,
      "lr": 0.0007128896457825362
    },
    {
      "epoch": 10,
      "train_loss": 0.5477961519133614,
      "val_accuracy": 0.997412119905111,
      "val_macro_f1": 0.9966870273294279,
      "lr": 0.0006545084971874736
    },
    {
      "epoch": 11,
      "train_loss": 0.5450917818037866,
      "val_accuracy": 0.9975558910214938,
      "val_macro_f1": 0.997045722400549,
      "lr": 0.0005936906572928624
    },
    {
      "epoch": 12,
      "train_loss": 0.5442989303211742,
      "val_accuracy": 0.9964776076486234,
      "val_macro_f1": 0.9948973232063688,
      "lr": 0.0005313952597646568
    },
    {
      "epoch": 13,
      "train_loss": 0.5434180728342167,
      "val_accuracy": 0.9982747466034074,
      "val_macro_f1": 0.9977268422147036,
      "lr": 0.00046860474023534336
    },
    {
      "epoch": 14,
      "train_loss": 0.5419558920146187,
      "val_accuracy": 0.9979153188124505,
      "val_macro_f1": 0.9974679748083177,
      "lr": 0.0004063093427071377
    },
    {
      "epoch": 15,
      "train_loss": 0.5412517989918586,
      "val_accuracy": 0.9981309754870247,
      "val_macro_f1": 0.9979224693024741,
      "lr": 0.00034549150281252644
    },
    {
      "epoch": 16,
      "train_loss": 0.5409923520394241,
      "val_accuracy": 0.998777945510747,
      "val_macro_f1": 0.998513697129551,
      "lr": 0.00028711035421746366
    },
    {
      "epoch": 17,
      "train_loss": 0.5401330418029489,
      "val_accuracy": 0.9990654877435123,