{
  "experiment": {
    "model": "resnet18",
    "task": "per_script",
    "image_size": 64,
    "augmentation": "medium",
    "pretrained": true,
    "seed": 1,
    "script_filter": "Bima"
  },
  "run_id": "resnet18__per_script__Bima__sz64__aug-medium__pt__s1",
  "num_classes": 22,
  "class_names": [
    "a",
    "ba",
    "ca",
    "da",
    "fa",
    "ga",
    "ha",
    "ja",
    "ka",
    "la",
    "ma",
    "mpa",
    "na",
    "nca",
    "nga",
    "nta",
    "pa",
    "ra",
    "sa",
    "ta",
    "wa",
    "ya"
  ],
  "n_train": 1537,
  "n_val": 307,
  "n_test": 308,
  "test_metrics": {
    "accuracy": 0.961038961038961,
    "balanced_accuracy": 0.9616883116883117,
    "macro_f1": 0.9608613882493952,
    "weighted_f1": 0.9604542718548179,
    "cohen_kappa": 0.9591800671496731,
    "top5_accuracy": 1.0,
    "per_class": {
      "a": {
        "precision": 1.0,
        "recall": 0.7857142857142857,
        "f1": 0.88,
        "support": 14
      },
      "ba": {
        "precision": 0.9333333333333333,
        "recall": 1.0,
        "f1": 0.9655172413793104,
        "support": 14
      },
      "ca": {
        "precision": 0.8333333333333334,
        "recall": 1.0,
        "f1": 0.9090909090909091,
        "support": 15
      },
      "da": {
        "precision": 1.0,
        "recall": 1.0,
        "f1": 1.0,
        "support": 14
      },
      "fa": {
        "precision": 1.0,
        "recall": 1.0,
        "f1": 1.0,
        "support": 14
      },
      "ga": {
        "precision": 0.8666666666666667,
        "recall": 0.9285714285714286,
        "f1": 0.896551724137931,
        "support": 14
      },
      "ha": {
        "precision": 0.9285714285714286,
        "recall": 0.9285714285714286,
        "f1": 0.9285714285714286,
        "support": 14
      },
      "ja": {
        "precision": 1.0,
        "recall": 1.0,
        "f1": 1.0,
        "support": 14
      },
      "ka": {
        "precision": 1.0,
        "recall": 1.0,
        "f1": 1.0,
        "support": 12
      },
      "la": {
        "precision": 0.8666666666666667,
        "recall": 1.0,
        "f1": 0.9285714285714286,
        "support": 13
      },
      "ma": {
        "precision": 1.0,
        "recall": 1.0,
        "f1": 1.0,
        "support": 13
      },
      "mpa": {
        "precision": 1.0,
        "recall": 0.8666666666666667,
        "f1": 0.9285714285714286,
        "support": 15
      },
      "na": {
        "precision": 0.8235294117647058,
        "recall": 1.0,
        "f1": 0.9032258064516129,
        "support": 14
      },
      "nca": {
        "precision": 1.0,
        "recall": 1.0,
        "f1": 1.0,
        "support": 14
      },
      "nga": {
        "precision": 1.0,
        "recall": 1.0,
        "f1": 1.0,
        "support": 14
      },
      "nta": {
        "precision": 1.0,
        "recall": 0.9333333333333333,
        "f1": 0.9655172413793104,
        "support": 15
      },
      "pa": {
        "precision": 1.0,
        "recall": 0.7142857142857143,
        "f1": 0.8333333333333334,
        "support": 14
      },
      "ra": {
        "precision": 1.0,
        "recall": 1.0,
        "f1": 1.0,
        "support": 14
      },
      "sa": {
        "precision": 1.0,
        "recall": 1.0,
        "f1": 1.0,
        "support": 14
      },
      "ta": {
        "precision": 1.0,
        "recall": 1.0,
        "f1": 1.0,
        "support": 14
      },
      "wa": {
        "precision": 1.0,
        "recall": 1.0,
        "f1": 1.0,
        "support": 14
      },
      "ya": {
        "precision": 1.0,
        "recall": 1.0,
        "f1": 1.0,
        "support": 15
      }
    }
  },
  "best_val_metrics": {
    "accuracy": 0.9837133550488599,
    "balanced_accuracy": 0.9839826839826841,
    "macro_f1": 0.9837620872103631,
    "weighted_f1": 0.9837175151114274,
    "cohen_kappa": 0.9829368608270342,
    "top5_accuracy": 1.0,
    "per_class": {
      "a": {
        "precision": 0.9285714285714286,
        "recall": 0.9285714285714286,
        "f1": 0.9285714285714286,
        "support": 14
      },
      "ba": {
        "precision": 0.9285714285714286,
        "recall": 0.9285714285714286,
        "f1": 0.9285714285714286,
        "support": 14
      },
      "ca": {
        "precision": 1.0,
        "recall": 1.0,
        "f1": 1.0,
        "support": 14
      },
      "da": {
        "precision": 1.0,
        "recall": 1.0,
        "f1": 1.0,
        "support": 15
      },
      "fa": {
        "precision": 1.0,
        "recall": 1.0,
        "f1": 1.0,
        "support": 14
      },
      "ga": {
        "precision": 1.0,
        "recall": 1.0,
        "f1": 1.0,
        "support": 14
      },
      "ha": {
        "precision": 0.9285714285714286,
        "recall": 0.9285714285714286,
        "f1": 0.9285714285714286,
        "support": 14
      },
      "ja": {
        "precision": 1.0,
        "recall": 1.0,
        "f1": 1.0,
        "support": 13
      },
      "ka": {
        "precision": 1.0,
        "recall": 1.0,
        "f1": 1.0,
        "support": 13
      },
      "la": {
        "precision": 0.9285714285714286,
        "recall": 1.0,
        "f1": 0.9629629629629629,
        "support": 13
      },
      "ma": {
        "precision": 1.0,
        "recall": 1.0,
        "f1": 1.0,
        "support": 13
      },
      "mpa": {
        "precision": 1.0,
        "recall": 0.9333333333333333,
        "f1": 0.9655172413793104,
        "support": 15
      },
      "na": {
        "precision": 1.0,
        "recall": 1.0,
        "f1": 1.0,
        "support": 14
      },
      "nca": {
        "precision": 1.0,
        "recall": 1.0,
        "f1": 1.0,
        "support": 14
      },
      "nga": {
        "precision": 1.0,
        "recall": 1.0,
        "f1": 1.0,
        "support": 14
      },
      "nta": {
        "precision": 1.0,
        "recall": 1.0,
        "f1": 1.0,
        "support": 14
      },
      "pa": {
        "precision": 0.9285714285714286,
        "recall": 0.9285714285714286,
        "f1": 0.9285714285714286,
        "support": 14
      },
      "ra": {
        "precision": 1.0,
        "recall": 1.0,
        "f1": 1.0,
        "support": 15
      },
      "sa": {
        "precision": 1.0,
        "recall": 1.0,
        "f1": 1.0,
        "support": 14
      },
      "ta": {
        "precision": 1.0,
        "recall": 1.0,
        "f1": 1.0,
        "support": 14
      },
      "wa": {
        "precision": 1.0,
        "recall": 1.0,
        "f1": 1.0,
        "support": 14
      },
      "ya": {
        "precision": 1.0,
        "recall": 1.0,
        "f1": 1.0,
        "support": 14
      }
    }
  },
  "history": [
    {
      "epoch": 1,
      "train_loss": 3.0553729687717417,
      "val_accuracy": 0.09771986970684039,
      "val_macro_f1": 0.05635687635378037,
      "lr": 0.000996057350657239
    },
    {
      "epoch": 2,
      "train_loss": 2.6943371492930646,
      "val_accuracy": 0.3355048859934853,
      "val_macro_f1": 0.260916590645818,
      "lr": 0.0009842915805643156
    },
    {
      "epoch": 3,
      "train_loss": 2.0752899438898984,
      "val_accuracy": 0.511400651465798,
      "val_macro_f1": 0.4700818511001241,
      "lr": 0.0009648882429441258
    },
    {
      "epoch": 4,
      "train_loss": 1.451251629194658,
      "val_accuracy": 0.8273615635179153,
      "val_macro_f1": 0.8242744879050921,
      "lr": 0.0009381533400219318
    },
    {
      "epoch": 5,
      "train_loss": 1.1119672490469263,
      "val_accuracy": 0.739413680781759,
      "val_macro_f1": 0.7223373788390739,
      "lr": 0.0009045084971874737
    },
    {
      "epoch": 6,
      "train_loss": 0.9313128782544108,
      "val_accuracy": 0.8241042345276873,
      "val_macro_f1": 0.8209961027431114,
      "lr": 0.0008644843137107057
    },
    {
      "epoch": 7,
      "train_loss": 0.8615546255974158,
      "val_accuracy": 0.8566775244299675,
      "val_macro_f1": 0.8579551836761868,